(1, 1, '2023-01-15', 1, 1, 0, 'Pending'),
(2, 2, '2023-02-20', 2, 2, 2, 'Closed'),
(3, 3, '2023-03-25', 3, 3, 0, 'Open'),
(4, 4, '2023-04-30', 4, 4, 2, 'Closed'),
(5, 5, '2023-05-05', 5, 5, 0, 'Pending'),
(6, 6, '2023-06-10', 6, 6, 1, 'Closed'),
(7, 7, '2023-07-15', 7, 7, 0, 'Open'),
(8, 8, '2023-08-20', 8, 8, 0, 'Closed'),
(9, 9, '2023-09-25', 9, 9, 0, 'Open'),
(10, 10, '2023-10-30', 10, 10, 3, 'Closed'),
(11, 11, '2023-11-05', 11, 11, 1, 'Pending'),
(12, 12, '2023-12-10', 12, 12, 0, 'Closed'),
(13, 13, '2024-01-15', 13, 13, 2, 'Open'),
(14, 14, '2024-02-20', 14, 14, 0, 'Closed'),
(15, 15, '2024-03-25', 15, 15, 0, 'Pending');

('2023-01-15', 1, 'CC12345'),
('2023-02-20', 2, 'CC23456'),
('2023-03-25', 3, 'CC34567'),
('2023-04-30', 4, 'CC45678'),
('2023-05-05', 5, 'CC56789'),
('2023-06-10', 6, 'CC67890'),
('2023-07-15', 7, 'CC78901'),
('2023-08-20', 8, 'CC89012'),
('2023-09-25', 9, 'CC90123'),
('2023-10-30', 10, 'CC01234'),
('2023-11-05', 11, 'CC66778'),
('2023-12-10', 12, 'CC11227'),
('2024-01-15', 13, 'CC88990'),
('2024-02-20', 14, 'CC99001'),
('2024-03-25', 15, 'CC42556'),
('2024-04-01', 16, 'CC00112'),
('2024-04-02', 17, 'CC29334'),
('2024-04-03', 18, 'CC77889'),
('2024-04-04', 19, 'CC55667'),
('2024-04-05', 20, 'CC22334');


INSERT INTO APPEAL (appeal_id, criminal_id, case_id, num_appeal_remaining, appeal_file_date, appeal_hearing_date, appeal_status)
VALUES
(1, 1, 1, 0, '2023-02-01', '2023-04-15', 'Pending'),
(2, 2, 2, 2, '2023-03-10', '2023-05-20', 'Granted'),
(3, 3, 3, 0, '2023-04-15', '2023-06-25', 'Denied'),
(4, 4, 4, 2, '2023-05-20', '2023-07-30', 'Pending'),
(5, 5, 5, 0, '2023-06-25', '2023-08-10', 'Granted'),
(6, 6, 6, 1, '2023-07-30', '2023-09-15', 'Pending'),
(7, 7, 7, 0, '2023-08-10', '2023-10-25', 'Denied'),
(8, 8, 8, 0, '2023-09-15', '2023-11-05', 'Granted'),
(9, 9, 9, 0, '2023-10-25', '2023-12-15', 'Pending'),
(10, 10, 10, 3, '2023-11-05', '2024-01-10', 'Pending'),
(11, 11, 11, 1, '2023-12-15', '2024-02-20', 'Granted'),
(12, 12, 12, 0, '2024-01-10', '2024-03-30', 'Pending'),
(13, 13, 13, 2, '2024-02-20', '2024-04-05', 'Denied'),
(14, 14, 14, 0, '2024-03-30', '2024-05-15', 'Pending'),
(15, 15, 15, 0, '2024-04-05', '2024-06-20', 'Granted'),
(16, 16, 16, 3, '2024-07-05', '2024-09-20', 'Pending'),
(17, 17, 17  2, '2024-06-03', '2024-08-20', 'Pending'),
(18, 18, 18, 0, '2024-04-11', '2024-06-30', 'Pending'),
(19, 19, 19, 3, '2024-04-13', '2024-06-23', 'Pending'),
(20, 20, 20, 3, '2024-05-05', '2024-07-20', 'Pending');

INSERT INTO CRIME_CASE (case_id, appeal_id, date_charged, sentence_id, criminal_id, num_appeal_remaining, charge_status)
VALUES
(1, 1, '2023-01-15', 1, 1, 0, 'Pending'),
(2, 2, '2023-02-20', 2, 2, 2, 'Closed'),
(3, 3, '2023-03-25', 3, 3, 0, 'Open'),
(4, 4, '2023-04-30', 4, 4, 2, 'Closed'),
(5, 5, '2023-05-05', 5, 5, 0, 'Pending'),
(6, 6, '2023-06-10', 6, 6, 1, 'Closed'),
(7, 7, '2023-07-15', 7, 7, 0, 'Open'),
(8, 8, '2023-08-20', 8, 8, 0, 'Closed'),
(9, 9, '2023-09-25', 9, 9, 0, 'Open'),
(10, 10, '2023-10-30', 10, 10, 3, 'Closed'),
(11, 11, '2023-11-05', 11, 11, 1, 'Pending'),
(12, 12, '2023-12-10', 12, 12, 0, 'Closed'),
(13, 13, '2024-01-15', 13, 13, 2, 'Open'),
(14, 14, '2024-02-20', 14, 14, 0, 'Closed'),
(15, 15, '2024-03-25', 15, 15, 0, 'Pending'),
(16, 16, '2024-04-01', 16, 16, 3, 'Pending'),
(17, 17, '2024-04-02', 17, 17, 2, 'Pending'),
(18, 18, '2024-04-03', 18, 18, 0, 'Closed'),
(19, 19, '2024-04-04', 19, 19, 3, 'Open'),
(20, 20, '2024-04-05', 20, 20, 3, 'Open');

('2023-01-15', 1, 'CC12345'),
('2023-02-20', 2, 'CC23456'),
('2023-03-25', 3, 'CC34567'),
('2023-04-30', 4, 'CC45678'),
('2023-05-05', 5, 'CC56789'),
('2023-06-10', 6, 'CC67890'),
('2023-07-15', 7, 'CC78901'),
('2023-08-20', 8, 'CC89012'),
('2023-09-25', 9, 'CC90123'),
('2023-10-30', 10, 'CC01234'),
('2023-11-05', 11, 'CC66778'),
('2023-12-10', 12, 'CC11227'),
('2024-01-15', 13, 'CC88990'),
('2024-02-20', 14, 'CC99001'),
('2024-03-25', 15, 'CC42556'),
('2024-04-01', 16, 'CC00112'),
('2024-04-02', 17, 'CC29334'),
('2024-04-03', 18, 'CC77889'),
('2024-04-04', 19, 'CC55667'),
('2024-04-05', 20, 'CC22334');



INSERT INTO SENTENCING (criminal_id, violation_code, hearing_date, sentence_id, starting_date, end_date, num_violations, sentence_type)
VALUES
(1, 'VC12325', '2023-03-01', 1, '2023-03-01', '2024-07-01', 1, 'Jail'),
(2, 'VC23456', '2023-04-05', 2, '2023-04-05', '2024-08-05', 1, 'Fine'),
(3, 'VC34567', '2023-05-10', 3, '2023-05-10', '2024-09-10', 1, 'Probation'),
(4, 'VC45678', '2023-06-15', 4, '2023-06-15', '2024-10-15', 1, 'Jail'),
(5, 'VC56789', '2023-07-20', 5, '2023-07-20', '2024-11-20', 1, 'Community Service'),
(6, 'VC67890', '2023-08-25', 6, '2023-08-25', '2024-12-25', 1, 'Parole'),
(7, 'VC78901', '2023-09-30', 7, '2023-09-30', '2025-01-30', 1, 'Restitution'),
(8, 'VC89012', '2023-10-05', 8, '2023-10-05', '2025-01-05', 1, 'Probation'),
(9, 'VC90123', '2023-11-10', 9, '2023-11-10', '2025-04-10', 1, 'Jail'),
(10, 'VC01234', '2023-12-15', 10, '2023-12-15', '2025-04-15', 1, 'Community Service'),
(11, 'VC11223', '2024-01-20', 11, '2024-01-20', '2025-05-20', 1, 'Fine'),
(12, 'VC22334', '2024-02-25', 12, '2024-02-25', '2025-06-25', 1, 'Probation'),
(13, 'VC33445', '2024-03-05', 13, '2024-03-05', '2025-07-05', 1, 'Probation'),
(14, 'VC44556', '2024-04-10', 14, '2024-04-10', '2025-08-10', 1, 'Probation'),
(15, 'VC44556', '2024-05-15', 15, '2024-05-15', '2025-09-15', 1, 'Probation'),
(16, 'VC11223', '2024-06-15', 16, '2024-06-15','2025-10-15', 1, 'Parole'),
(17, 'VC89012', '2024-06-16', 17,'2024-06-16', '2024-10-16', 1, 'Parole'),
(18, 'VC90123', '2024-06-17', 18, '2024-06-17', '2024-10-16', 1, 'Jail'),
(19, 'VC78901', '2024-06-18', 19, '2024-06-18', '2024-10-16', 1, 'Jail'),
(20, 'VC12345', '2024-06-19', 20, '2024-06-19', '2024-10-16', 1, 'Community Service');



